<?xml version='1.0' encoding='UTF-8' standalone='no'?>
<doxygen xmlns:xsi="http://www.w3.org/2001/XMLSchema-instance" xsi:noNamespaceSchemaLocation="compound.xsd" version="1.8.11">
  <compounddef id="class_linear_regression" kind="class" language="C++" prot="public">
    <compoundname>LinearRegression</compoundname>
    <includes refid="linreg_8h" local="no">linreg.h</includes>
      <sectiondef kind="protected-attrib">
      <memberdef kind="variable" id="class_linear_regression_1aa843365cc2b936809c5f60d52224c07f" prot="protected" static="no" mutable="no">
        <type>long</type>
        <definition>long LinearRegression::n</definition>
        <argsstring></argsstring>
        <name>n</name>
        <briefdescription>
        </briefdescription>
        <detaileddescription>
        </detaileddescription>
        <inbodydescription>
        </inbodydescription>
        <location file="/Users/alex/Workspace/develop/uarm_metal/uarm4arduino/src/linreg.h" line="63" column="1" bodyfile="/Users/alex/Workspace/develop/uarm_metal/uarm4arduino/src/linreg.h" bodystart="63" bodyend="-1"/>
      </memberdef>
      <memberdef kind="variable" id="class_linear_regression_1a2d137eb916f6e2f3cf552b3f1a12a4d0" prot="protected" static="no" mutable="no">
        <type>double</type>
        <definition>double LinearRegression::sumX</definition>
        <argsstring></argsstring>
        <name>sumX</name>
        <briefdescription>
        </briefdescription>
        <detaileddescription>
        </detaileddescription>
        <inbodydescription>
        </inbodydescription>
        <location file="/Users/alex/Workspace/develop/uarm_metal/uarm4arduino/src/linreg.h" line="64" column="1" bodyfile="/Users/alex/Workspace/develop/uarm_metal/uarm4arduino/src/linreg.h" bodystart="64" bodyend="-1"/>
      </memberdef>
      <memberdef kind="variable" id="class_linear_regression_1ae62507e4f1f97b8ab2faae5112ce97d3" prot="protected" static="no" mutable="no">
        <type>double</type>
        <definition>double LinearRegression::sumY</definition>
        <argsstring></argsstring>
        <name>sumY</name>
        <briefdescription>
        </briefdescription>
        <detaileddescription>
        </detaileddescription>
        <inbodydescription>
        </inbodydescription>
        <location file="/Users/alex/Workspace/develop/uarm_metal/uarm4arduino/src/linreg.h" line="64" column="1" bodyfile="/Users/alex/Workspace/develop/uarm_metal/uarm4arduino/src/linreg.h" bodystart="64" bodyend="-1"/>
      </memberdef>
      <memberdef kind="variable" id="class_linear_regression_1a2b06ee3c27a6bc1e6fc709c0224dd949" prot="protected" static="no" mutable="no">
        <type>double</type>
        <definition>double LinearRegression::sumXsquared</definition>
        <argsstring></argsstring>
        <name>sumXsquared</name>
        <briefdescription>
        </briefdescription>
        <detaileddescription>
        </detaileddescription>
        <inbodydescription>
        </inbodydescription>
        <location file="/Users/alex/Workspace/develop/uarm_metal/uarm4arduino/src/linreg.h" line="65" column="1" bodyfile="/Users/alex/Workspace/develop/uarm_metal/uarm4arduino/src/linreg.h" bodystart="65" bodyend="-1"/>
      </memberdef>
      <memberdef kind="variable" id="class_linear_regression_1aefdf526f61f6f62a24472ef3ce135d47" prot="protected" static="no" mutable="no">
        <type>double</type>
        <definition>double LinearRegression::sumYsquared</definition>
        <argsstring></argsstring>
        <name>sumYsquared</name>
        <briefdescription>
        </briefdescription>
        <detaileddescription>
        </detaileddescription>
        <inbodydescription>
        </inbodydescription>
        <location file="/Users/alex/Workspace/develop/uarm_metal/uarm4arduino/src/linreg.h" line="66" column="1" bodyfile="/Users/alex/Workspace/develop/uarm_metal/uarm4arduino/src/linreg.h" bodystart="65" bodyend="-1"/>
      </memberdef>
      <memberdef kind="variable" id="class_linear_regression_1af2744e010ca51a40db51b7e30b769390" prot="protected" static="no" mutable="no">
        <type>double</type>
        <definition>double LinearRegression::sumXY</definition>
        <argsstring></argsstring>
        <name>sumXY</name>
        <briefdescription>
        </briefdescription>
        <detaileddescription>
        </detaileddescription>
        <inbodydescription>
        </inbodydescription>
        <location file="/Users/alex/Workspace/develop/uarm_metal/uarm4arduino/src/linreg.h" line="67" column="1" bodyfile="/Users/alex/Workspace/develop/uarm_metal/uarm4arduino/src/linreg.h" bodystart="67" bodyend="-1"/>
      </memberdef>
      <memberdef kind="variable" id="class_linear_regression_1a9afb5e0ec8d6cbb6ac46e5915afc57ec" prot="protected" static="no" mutable="no">
        <type>double</type>
        <definition>double LinearRegression::a</definition>
        <argsstring></argsstring>
        <name>a</name>
        <briefdescription>
        </briefdescription>
        <detaileddescription>
        </detaileddescription>
        <inbodydescription>
        </inbodydescription>
        <location file="/Users/alex/Workspace/develop/uarm_metal/uarm4arduino/src/linreg.h" line="69" column="1" bodyfile="/Users/alex/Workspace/develop/uarm_metal/uarm4arduino/src/linreg.h" bodystart="69" bodyend="-1"/>
      </memberdef>
      <memberdef kind="variable" id="class_linear_regression_1aa258a2c864179aaff99098dea9abf1cb" prot="protected" static="no" mutable="no">
        <type>double</type>
        <definition>double LinearRegression::b</definition>
        <argsstring></argsstring>
        <name>b</name>
        <briefdescription>
        </briefdescription>
        <detaileddescription>
        </detaileddescription>
        <inbodydescription>
        </inbodydescription>
        <location file="/Users/alex/Workspace/develop/uarm_metal/uarm4arduino/src/linreg.h" line="69" column="1" bodyfile="/Users/alex/Workspace/develop/uarm_metal/uarm4arduino/src/linreg.h" bodystart="69" bodyend="-1"/>
      </memberdef>
      <memberdef kind="variable" id="class_linear_regression_1a0f3377c655ca712c3e2c3d4e2125441c" prot="protected" static="no" mutable="no">
        <type>double</type>
        <definition>double LinearRegression::coefD</definition>
        <argsstring></argsstring>
        <name>coefD</name>
        <briefdescription>
        </briefdescription>
        <detaileddescription>
        </detaileddescription>
        <inbodydescription>
        </inbodydescription>
        <location file="/Users/alex/Workspace/develop/uarm_metal/uarm4arduino/src/linreg.h" line="70" column="1" bodyfile="/Users/alex/Workspace/develop/uarm_metal/uarm4arduino/src/linreg.h" bodystart="70" bodyend="-1"/>
      </memberdef>
      <memberdef kind="variable" id="class_linear_regression_1afdc67d71c93cea69b0a66693fa5cb276" prot="protected" static="no" mutable="no">
        <type>double</type>
        <definition>double LinearRegression::coefC</definition>
        <argsstring></argsstring>
        <name>coefC</name>
        <briefdescription>
        </briefdescription>
        <detaileddescription>
        </detaileddescription>
        <inbodydescription>
        </inbodydescription>
        <location file="/Users/alex/Workspace/develop/uarm_metal/uarm4arduino/src/linreg.h" line="71" column="1" bodyfile="/Users/alex/Workspace/develop/uarm_metal/uarm4arduino/src/linreg.h" bodystart="70" bodyend="-1"/>
      </memberdef>
      <memberdef kind="variable" id="class_linear_regression_1a0cdd5962a78b99b95c6a2bc7c9fbb6a6" prot="protected" static="no" mutable="no">
        <type>double</type>
        <definition>double LinearRegression::stdError</definition>
        <argsstring></argsstring>
        <name>stdError</name>
        <briefdescription>
        </briefdescription>
        <detaileddescription>
        </detaileddescription>
        <inbodydescription>
        </inbodydescription>
        <location file="/Users/alex/Workspace/develop/uarm_metal/uarm4arduino/src/linreg.h" line="72" column="1" bodyfile="/Users/alex/Workspace/develop/uarm_metal/uarm4arduino/src/linreg.h" bodystart="70" bodyend="-1"/>
      </memberdef>
      </sectiondef>
      <sectiondef kind="public-func">
      <memberdef kind="function" id="class_linear_regression_1a81a9c23a6ec45206dea79e2777064220" prot="public" static="no" const="no" explicit="no" inline="no" virt="non-virtual">
        <type></type>
        <definition>LinearRegression::LinearRegression</definition>
        <argsstring>(double *x, double *y, long size=0)</argsstring>
        <name>LinearRegression</name>
        <param>
          <type>double *</type>
          <declname>x</declname>
        </param>
        <param>
          <type>double *</type>
          <declname>y</declname>
        </param>
        <param>
          <type>long</type>
          <declname>size</declname>
          <defval>0</defval>
        </param>
        <briefdescription>
        </briefdescription>
        <detaileddescription>
        </detaileddescription>
        <inbodydescription>
        </inbodydescription>
        <location file="/Users/alex/Workspace/develop/uarm_metal/uarm4arduino/src/linreg.h" line="45" column="1" bodyfile="/Users/alex/Workspace/develop/uarm_metal/uarm4arduino/src/linreg.cpp" bodystart="9" bodyend="18"/>
      </memberdef>
      <memberdef kind="function" id="class_linear_regression_1a83067c3cc623e855ad013ff18eaf8e42" prot="public" static="no" const="no" explicit="no" inline="no" virt="virtual">
        <type>void</type>
        <definition>void LinearRegression::addXY</definition>
        <argsstring>(const double &amp;x, const double &amp;y)</argsstring>
        <name>addXY</name>
        <param>
          <type>const double &amp;</type>
          <declname>x</declname>
        </param>
        <param>
          <type>const double &amp;</type>
          <declname>y</declname>
        </param>
        <briefdescription>
        </briefdescription>
        <detaileddescription>
        </detaileddescription>
        <inbodydescription>
        </inbodydescription>
        <location file="/Users/alex/Workspace/develop/uarm_metal/uarm4arduino/src/linreg.h" line="47" column="1" bodyfile="/Users/alex/Workspace/develop/uarm_metal/uarm4arduino/src/linreg.cpp" bodystart="20" bodyend="29"/>
      </memberdef>
      <memberdef kind="function" id="class_linear_regression_1a1d0f8251bf0f498be7d75d842227deb0" prot="public" static="no" const="yes" explicit="no" inline="yes" virt="non-virtual">
        <type>int</type>
        <definition>int LinearRegression::haveData</definition>
        <argsstring>() const </argsstring>
        <name>haveData</name>
        <briefdescription>
        </briefdescription>
        <detaileddescription>
        </detaileddescription>
        <inbodydescription>
        </inbodydescription>
        <location file="/Users/alex/Workspace/develop/uarm_metal/uarm4arduino/src/linreg.h" line="51" column="1" bodyfile="/Users/alex/Workspace/develop/uarm_metal/uarm4arduino/src/linreg.h" bodystart="51" bodyend="51"/>
      </memberdef>
      <memberdef kind="function" id="class_linear_regression_1a2cd980cb4c43894d33de83b9ab95a691" prot="public" static="no" const="yes" explicit="no" inline="yes" virt="non-virtual">
        <type>long</type>
        <definition>long LinearRegression::items</definition>
        <argsstring>() const </argsstring>
        <name>items</name>
        <briefdescription>
        </briefdescription>
        <detaileddescription>
        </detaileddescription>
        <inbodydescription>
        </inbodydescription>
        <location file="/Users/alex/Workspace/develop/uarm_metal/uarm4arduino/src/linreg.h" line="52" column="1" bodyfile="/Users/alex/Workspace/develop/uarm_metal/uarm4arduino/src/linreg.h" bodystart="52" bodyend="52"/>
      </memberdef>
      <memberdef kind="function" id="class_linear_regression_1a2ee8884d79720f882492e829d6693744" prot="public" static="no" const="yes" explicit="no" inline="yes" virt="virtual">
        <type>double</type>
        <definition>virtual double LinearRegression::getA</definition>
        <argsstring>() const </argsstring>
        <name>getA</name>
        <briefdescription>
        </briefdescription>
        <detaileddescription>
        </detaileddescription>
        <inbodydescription>
        </inbodydescription>
        <location file="/Users/alex/Workspace/develop/uarm_metal/uarm4arduino/src/linreg.h" line="54" column="1" bodyfile="/Users/alex/Workspace/develop/uarm_metal/uarm4arduino/src/linreg.h" bodystart="54" bodyend="54"/>
      </memberdef>
      <memberdef kind="function" id="class_linear_regression_1a79f6b7a2c36f578886864c3f7af064d8" prot="public" static="no" const="yes" explicit="no" inline="yes" virt="virtual">
        <type>double</type>
        <definition>virtual double LinearRegression::getB</definition>
        <argsstring>() const </argsstring>
        <name>getB</name>
        <briefdescription>
        </briefdescription>
        <detaileddescription>
        </detaileddescription>
        <inbodydescription>
        </inbodydescription>
        <location file="/Users/alex/Workspace/develop/uarm_metal/uarm4arduino/src/linreg.h" line="55" column="1" bodyfile="/Users/alex/Workspace/develop/uarm_metal/uarm4arduino/src/linreg.h" bodystart="55" bodyend="55"/>
      </memberdef>
      <memberdef kind="function" id="class_linear_regression_1a931317e41dbdeca9a680da4d4d38f380" prot="public" static="no" const="yes" explicit="no" inline="yes" virt="non-virtual">
        <type>double</type>
        <definition>double LinearRegression::getCoefDeterm</definition>
        <argsstring>() const </argsstring>
        <name>getCoefDeterm</name>
        <briefdescription>
        </briefdescription>
        <detaileddescription>
        </detaileddescription>
        <inbodydescription>
        </inbodydescription>
        <location file="/Users/alex/Workspace/develop/uarm_metal/uarm4arduino/src/linreg.h" line="57" column="1" bodyfile="/Users/alex/Workspace/develop/uarm_metal/uarm4arduino/src/linreg.h" bodystart="57" bodyend="57"/>
      </memberdef>
      <memberdef kind="function" id="class_linear_regression_1ac439138bebdcfe2a4d8522d3a0feff2e" prot="public" static="no" const="yes" explicit="no" inline="yes" virt="non-virtual">
        <type>double</type>
        <definition>double LinearRegression::getCoefCorrel</definition>
        <argsstring>() const </argsstring>
        <name>getCoefCorrel</name>
        <briefdescription>
        </briefdescription>
        <detaileddescription>
        </detaileddescription>
        <inbodydescription>
        </inbodydescription>
        <location file="/Users/alex/Workspace/develop/uarm_metal/uarm4arduino/src/linreg.h" line="58" column="1" bodyfile="/Users/alex/Workspace/develop/uarm_metal/uarm4arduino/src/linreg.h" bodystart="58" bodyend="58"/>
      </memberdef>
      <memberdef kind="function" id="class_linear_regression_1af02b63f744bee8ecdc9172a98ff16606" prot="public" static="no" const="yes" explicit="no" inline="yes" virt="non-virtual">
        <type>double</type>
        <definition>double LinearRegression::getStdErrorEst</definition>
        <argsstring>() const </argsstring>
        <name>getStdErrorEst</name>
        <briefdescription>
        </briefdescription>
        <detaileddescription>
        </detaileddescription>
        <inbodydescription>
        </inbodydescription>
        <location file="/Users/alex/Workspace/develop/uarm_metal/uarm4arduino/src/linreg.h" line="59" column="1" bodyfile="/Users/alex/Workspace/develop/uarm_metal/uarm4arduino/src/linreg.h" bodystart="59" bodyend="59"/>
      </memberdef>
      <memberdef kind="function" id="class_linear_regression_1a05d33bd38d68173cc1a35bf513a4f0d8" prot="public" static="no" const="yes" explicit="no" inline="yes" virt="virtual">
        <type>double</type>
        <definition>virtual double LinearRegression::estimateY</definition>
        <argsstring>(double x) const </argsstring>
        <name>estimateY</name>
        <param>
          <type>double</type>
          <declname>x</declname>
        </param>
        <briefdescription>
        </briefdescription>
        <detaileddescription>
        </detaileddescription>
        <inbodydescription>
        </inbodydescription>
        <location file="/Users/alex/Workspace/develop/uarm_metal/uarm4arduino/src/linreg.h" line="60" column="1" bodyfile="/Users/alex/Workspace/develop/uarm_metal/uarm4arduino/src/linreg.h" bodystart="60" bodyend="60"/>
      </memberdef>
      </sectiondef>
      <sectiondef kind="protected-func">
      <memberdef kind="function" id="class_linear_regression_1aa6eee3fb0703a1642467861cfb0cd610" prot="protected" static="no" const="no" explicit="no" inline="no" virt="non-virtual">
        <type>void</type>
        <definition>void LinearRegression::Calculate</definition>
        <argsstring>()</argsstring>
        <name>Calculate</name>
        <briefdescription>
        </briefdescription>
        <detaileddescription>
        </detaileddescription>
        <inbodydescription>
        </inbodydescription>
        <location file="/Users/alex/Workspace/develop/uarm_metal/uarm4arduino/src/linreg.h" line="74" column="1" bodyfile="/Users/alex/Workspace/develop/uarm_metal/uarm4arduino/src/linreg.cpp" bodystart="31" bodyend="54"/>
      </memberdef>
      </sectiondef>
    <briefdescription>
    </briefdescription>
    <detaileddescription>
    </detaileddescription>
    <location file="/Users/alex/Workspace/develop/uarm_metal/uarm4arduino/src/linreg.h" line="37" column="1" bodyfile="/Users/alex/Workspace/develop/uarm_metal/uarm4arduino/src/linreg.h" bodystart="36" bodyend="75"/>
    <listofallmembers>
      <member refid="class_linear_regression_1a9afb5e0ec8d6cbb6ac46e5915afc57ec" prot="protected" virt="non-virtual"><scope>LinearRegression</scope><name>a</name></member>
      <member refid="class_linear_regression_1a83067c3cc623e855ad013ff18eaf8e42" prot="public" virt="virtual"><scope>LinearRegression</scope><name>addXY</name></member>
      <member refid="class_linear_regression_1aa258a2c864179aaff99098dea9abf1cb" prot="protected" virt="non-virtual"><scope>LinearRegression</scope><name>b</name></member>
      <member refid="class_linear_regression_1aa6eee3fb0703a1642467861cfb0cd610" prot="protected" virt="non-virtual"><scope>LinearRegression</scope><name>Calculate</name></member>
      <member refid="class_linear_regression_1afdc67d71c93cea69b0a66693fa5cb276" prot="protected" virt="non-virtual"><scope>LinearRegression</scope><name>coefC</name></member>
      <member refid="class_linear_regression_1a0f3377c655ca712c3e2c3d4e2125441c" prot="protected" virt="non-virtual"><scope>LinearRegression</scope><name>coefD</name></member>
      <member refid="class_linear_regression_1a05d33bd38d68173cc1a35bf513a4f0d8" prot="public" virt="virtual"><scope>LinearRegression</scope><name>estimateY</name></member>
      <member refid="class_linear_regression_1a2ee8884d79720f882492e829d6693744" prot="public" virt="virtual"><scope>LinearRegression</scope><name>getA</name></member>
      <member refid="class_linear_regression_1a79f6b7a2c36f578886864c3f7af064d8" prot="public" virt="virtual"><scope>LinearRegression</scope><name>getB</name></member>
      <member refid="class_linear_regression_1ac439138bebdcfe2a4d8522d3a0feff2e" prot="public" virt="non-virtual"><scope>LinearRegression</scope><name>getCoefCorrel</name></member>
      <member refid="class_linear_regression_1a931317e41dbdeca9a680da4d4d38f380" prot="public" virt="non-virtual"><scope>LinearRegression</scope><name>getCoefDeterm</name></member>
      <member refid="class_linear_regression_1af02b63f744bee8ecdc9172a98ff16606" prot="public" virt="non-virtual"><scope>LinearRegression</scope><name>getStdErrorEst</name></member>
      <member refid="class_linear_regression_1a1d0f8251bf0f498be7d75d842227deb0" prot="public" virt="non-virtual"><scope>LinearRegression</scope><name>haveData</name></member>
      <member refid="class_linear_regression_1a2cd980cb4c43894d33de83b9ab95a691" prot="public" virt="non-virtual"><scope>LinearRegression</scope><name>items</name></member>
      <member refid="class_linear_regression_1a81a9c23a6ec45206dea79e2777064220" prot="public" virt="non-virtual"><scope>LinearRegression</scope><name>LinearRegression</name></member>
      <member refid="class_linear_regression_1aa843365cc2b936809c5f60d52224c07f" prot="protected" virt="non-virtual"><scope>LinearRegression</scope><name>n</name></member>
      <member refid="class_linear_regression_1a0cdd5962a78b99b95c6a2bc7c9fbb6a6" prot="protected" virt="non-virtual"><scope>LinearRegression</scope><name>stdError</name></member>
      <member refid="class_linear_regression_1a2d137eb916f6e2f3cf552b3f1a12a4d0" prot="protected" virt="non-virtual"><scope>LinearRegression</scope><name>sumX</name></member>
      <member refid="class_linear_regression_1a2b06ee3c27a6bc1e6fc709c0224dd949" prot="protected" virt="non-virtual"><scope>LinearRegression</scope><name>sumXsquared</name></member>
      <member refid="class_linear_regression_1af2744e010ca51a40db51b7e30b769390" prot="protected" virt="non-virtual"><scope>LinearRegression</scope><name>sumXY</name></member>
      <member refid="class_linear_regression_1ae62507e4f1f97b8ab2faae5112ce97d3" prot="protected" virt="non-virtual"><scope>LinearRegression</scope><name>sumY</name></member>
      <member refid="class_linear_regression_1aefdf526f61f6f62a24472ef3ce135d47" prot="protected" virt="non-virtual"><scope>LinearRegression</scope><name>sumYsquared</name></member>
    </listofallmembers>
  </compounddef>
</doxygen>
